,Cluster 0,Cluster 1
Cluster 0,0.9592660550458716,0.04073394495412844
Cluster 1,0.10611854684512428,0.8938814531548758
